--SEEDING--
INSERT INTO users (id, name)
VALUES
(1, 'Alice'),
(2, 'Bob'),
(3, 'Charlie'),
(4, 'David'),
(5, 'Emma');

INSERT INTO products (id, name, price)
VALUES
(1, 'MacBook Air', 90000),
(2, 'iPhone 16', 60000),
(3, 'Mechanical Keyboard', 4000),
(4, 'Gaming Mouse', 3000),
(5, 'USB-C Hub', 2000),
(6, '27-inch Monitor', 21000),
(7, 'External SSD', 6500),
(8, 'Laptop Stand', 999),
(9, 'Webcam', 2500),
(10, 'Noise Cancelling Headphones', 6200),
(11, 'Office Chair', 9999),
(12, 'Desk Lamp', 650),
(13, 'Coffee Mug', 320),
(14, 'Notebook', 66),
(15, 'Wireless Charger', 4549);


INSERT INTO orders (id, userId, order_date, status, total_price)
VALUES
(1, 1, '2026-06-22', 'SHIPPED', 95000),
(2, 2, '2026-06-23', 'DELIVERED', 7970),
(3, 1, '2026-06-24', 'PAID', 62000),
(4, 3, '2026-06-25', 'PENDING', 21298),
(5, 4, '2026-06-25', 'DELIVERED', 10969),
(6, 5, '2026-06-26', 'SHIPPED', 13360),
(7, 2, '2026-06-27', 'CANCELED', 4000),
(8, 3, '2026-06-28', 'PAID', 96320),
(9, 5, '2026-06-29', 'PENDING', 5850),
(10, 4, '2026-06-30', 'DELIVERED', 93999);



INSERT INTO order_items (id, orderId, productId, unit_price, quantity)
VALUES
-- Order 1 = 90000 + 3000 + 2000 = 95000
(1, 1, 1, 90000, 1),
(2, 1, 4, 3000, 1),
(3, 1, 5, 2000, 1),
-- Order 2 = 4000 + (650 * 2) + (320 * 2) + (66 * 3) + 1832 = 7970
(4, 2, 3, 4000, 1),
(5, 2, 12, 650, 2),
(6, 2, 13, 320, 2),
(7, 2, 14, 66, 3),
(8, 2, 15, 1832, 1),
-- Order 3 = 60000 + 2000 = 62000
(9, 3, 2, 60000, 1),
(10, 3, 5, 2000, 1),
-- Order 4 = 21000 + (99 * 3) + 1 = 21298
(11, 4, 6, 21000, 1),
(12, 4, 14, 99, 3),
(13, 4, 13, 1, 1),
-- Order 5 = 9999 + 650 + 320 = 10969
(14, 5, 11, 9999, 1),
(15, 5, 12, 650, 1),
(16, 5, 13, 320, 1),
-- Order 6 = 6200 + (4549 * 1) + (320 * 2) + 1971 = 13360
(17, 6, 10, 6200, 1),
(18, 6, 15, 4549, 1),
(19, 6, 13, 320, 2),
(20, 6, 12, 1971, 1),
-- Order 7 = 4000
(21, 7, 3, 4000, 1),
-- Order 8 = 90000 + 6500 - 180 = 96320
(22, 8, 1, 90000, 1),
(23, 8, 7, 6320, 1),
-- Order 9 = 2500 + (650 * 2) + (320 * 4) + 770 = 5850
(24, 9, 9, 2500, 1),
(25, 9, 12, 650, 2),
(26, 9, 13, 320, 4),
(27, 9, 14, 770, 1),
-- Order 10 = 90000 + 4000 - 1 = 93999
(28, 10, 1, 90000, 1),
(29, 10, 3, 3999, 1);
